epoch, energy, energy_diff, fidelity
1.5,  -1.0066304034616804,  -1.007944538254161
 100, -0.9515390090882518, 0.05509139437342858, 0.983651347758133
 200, -0.9843282391311512, 0.02230216433052923, 0.9937666636642544
 300, -0.9929160953349632, 0.013714308126717256, 0.9963411048669342
 400, -0.9861757212580404, 0.020454682203639996, 0.997122477887463
 500, -1.0061258859130253, 0.0005045175486551035, 0.9980645207483961
 600, -1.0030413672851974, 0.003589036176482985, 0.998450577193626
 700, -0.9934546920683871, 0.013175711393293321, 0.9986147117692211
 800, -1.0017445109117844, 0.00488589254989602, 0.998902920516656
 900, -1.0079367902217793, 0.0013063867600988655, 0.9990187256771291
1000, -1.007944538254161 0.001314134792480548, 0.9991436125766233
 
0.35,  -0.8005095231150423,  -0.7782287869564899
 100, -0.7662465292068931, 0.03426299390814924, 0.9955622317024454
 200, -0.7807227628528562, 0.019786760262186065, 0.9962445241879061
 300, -0.7751948120707726, 0.025314711044269744, 0.9964559099238773
 400, -0.779151790266931, 0.021357732848111266, 0.9965242886167397
 500, -0.7837475641515422, 0.01676195896350008, 0.996593947827206
 600, -0.7805065589941607, 0.02000296412088165, 0.9966435922179735
 700, -0.7947937243809856, 0.0057157987340566985, 0.9966535414020568
 800, -0.7819639783123117, 0.01854554480273063, 0.9967026118287489
 900, -0.7877880359651996, 0.01272148714984267, 0.9967758528334332
1000, -0.7782287869564899 0.022280736158552417, 0.9968553478353693
 
0.45,  -1.0090086249753596,  -0.998842492145526
 100, -0.9763151480445582, 0.03269347693080138, 0.9945023478696099
 200, -0.9883961612996439, 0.020612463675715675, 0.9949857859964661
 300, -0.9851731370392989, 0.023835487936060717, 0.995092967717806
 400, -0.9814060359740888, 0.027602589001270772, 0.9952593768380774
 500, -0.9821662539207667, 0.026842371054592862, 0.9954780534904754
 600, -0.9869952325495359, 0.022013392425823675, 0.9956981746741884
 700, -0.9863991984850867, 0.022609426490272866, 0.9959738809762302
 800, -0.9901723990599612, 0.018836225915398352, 0.9962130734215182
 900, -0.9807273300831878, 0.028281294892171793, 0.9964767069327061
1000, -0.998842492145526 0.010166132829833585, 0.9967708089675438
 
2.0,  -0.9576117229960116,  -0.953946892165502
 100, -0.9191345460350845, 0.03847717696092712, 0.9846474672035579
 200, -0.9485024673336582, 0.009109255662353433, 0.99434390858139
 300, -0.9488705791916601, 0.008741143804351537, 0.9966891629896908
 400, -0.9532531741089458, 0.004358548887065772, 0.9976604046196897
 500, -0.9536994027649457, 0.003912320231065913, 0.9982539171555631
 600, -0.9586444771110251, 0.0010327541150134678, 0.9984749476488046
 700, -0.9565369326419604, 0.001074790354051225, 0.9988250705003301
 800, -0.9563922046154163, 0.001219518380595308, 0.9989684004565518
 900, -0.9565838160128044, 0.0010279069832072052, 0.9988957093289563
1000, -0.953946892165502 0.0036648308305096133, 0.9992343283397653
 
0.2,  0.1442108747311382,  0.16074637173761178
 100, 0.16324640217177847, 0.01903552744064027, 0.9971611168343413
 200, 0.15364006514006867, 0.009429190408930477, 0.9978438635315228
 300, 0.15118268602537902, 0.006971811294240821, 0.9980288611235488
 400, 0.15670032939127598, 0.012489454660137789, 0.9980997223396937
 500, 0.15669264150138212, 0.01248176677024393, 0.9981189361113982
 600, 0.15492262010181962, 0.010711745370681425, 0.998148176251483
 700, 0.15952839799913746, 0.015317523267999261, 0.9981280955430355
 800, 0.16429961790638212, 0.020088743175243923, 0.9981447067498281
 900, 0.14989096264859117, 0.005680087917452975, 0.9981583005046061
1000, 0.16074637173761178 0.016535497006473582, 0.9981693826112914
 
1.25,  -1.0534371372280913,  -1.0499706267636737
 100, -1.0008286562569093, 0.05260848097118198, 0.9829745451848125
 200, -1.0386899642536893, 0.014747172974401979, 0.9937477161800208
 300, -1.0462268600503986, 0.007210277177692737, 0.9964482060583466
 400, -1.0359930933779253, 0.017444043850165958, 0.997568382565738
 500, -1.0492238837177825, 0.004213253510308768, 0.9981790791409022
 600, -1.0527100479771367, 0.000727089250954549, 0.9985664663067515
 700, -1.0540750754580597, 0.0006379382299683822, 0.9988033923655272
 800, -1.048116244131099, 0.005320893096992352, 0.998995570636633
 900, -1.0639709274515838, 0.010533790223492545, 0.9990743627308497
1000, -1.0499706267636737 0.0034665104644175937, 0.9992346522376079

1.55,  -0.999024596529867,  -0.9950159911830004
 100, -0.9456265239815316, 0.053398072548335396, 0.9817119090859485
 200, -0.9837707616522033, 0.01525383487766363, 0.9936233118901252
 300, -0.9981396050543249, 0.0008849914755421073, 0.9962679860382204
 400, -0.9944324641917318, 0.0045921323381351575, 0.997482315931357
 500, -0.9880413494982255, 0.010983247031641441, 0.9981277427148073
 600, -0.9979589856485813, 0.0010656108812856502, 0.9984859248251585
 700, -0.9910469271232513, 0.007977669406615706, 0.9987028947972388
 800, -1.0029866389453697, 0.003962042415502687, 0.998851906352531
 900, -0.9975960985175892, 0.0014284980122777347, 0.9990725774939139
1000, -0.9950159911830004 0.004008605346866534, 0.9991811956478763

0.55,  -1.1022968998091114, -1.0951858377265375
 100, -1.0714767421464486, 0.030820157662662773, 0.9931880425815514
 200, -1.0840564810196298, 0.01824041878948157, 0.9937023582773052
 300, -1.0788872528675642, 0.023409646941547235, 0.9942061583373496
 400, -1.0817378802540583, 0.020559019555053126, 0.9947013800721496
 500, -1.0834190062628448, 0.018877893546266566, 0.9953179400882078
 600, -1.081453390485499, 0.02084350932361234, 0.9958982748914447
 700, -1.0839138282777183, 0.01838307153139307, 0.996565875517029
 800, -1.0910095052055597, 0.01128739460355166, 0.9970848260987449
 900, -1.091589709663057, 0.01070719014605448, 0.997546929377288
1000, -1.0951858377265375 0.007111062082573838, 0.9979199237065689

0.7,  -1.1449518561275118,  -1.1254321335019668
 100, -1.114358238576709, 0.03059361755080281, 0.9877471198182226
 200, -1.105833446693647, 0.0391184094338648, 0.9881507600555469
 300, -1.1002039351358925, 0.04474792099161928, 0.9888799713143356
 400, -1.1132208095315526, 0.03173104659595927, 0.9892571581999698
 500, -1.107109468843314, 0.037842387284197754, 0.9901658329702033
 600, -1.1043618919391174, 0.040589964188394445, 0.9912949118179927
 700, -1.1193499734977774, 0.025601882629734396, 0.9925961646613866
 800, -1.1273049903744354, 0.01764686575307639, 0.99377348429757
 900, -1.1273565465402813, 0.017595309587230545, 0.9950297430319177
1000, -1.1254321335019668 0.019519722625545022, 0.9960690379522695

0.25,  -0.3239354753254609,  -0.30733932750842674
 100, -0.30660539105040224, 0.017330084275058666, 0.9966774867275678
 200, -0.3073838627030198, 0.016551612622441092, 0.9974166115450849
 300, -0.3120192823617501, 0.011916192963710825, 0.9976079566295643
 400, -0.3124987818775369, 0.011436693447924029, 0.9976990879646962
 500, -0.3144806078656825, 0.009454867459778415, 0.9977390788795566
 600, -0.3145120042450255, 0.009423471080435397, 0.9977601025736442
 700, -0.3089264954213044, 0.015008979904156505, 0.99779838594868
 800, -0.31334933494439754, 0.01058614038106337, 0.9978296428259038
 900, -0.3065693838449429, 0.017366091480517987, 0.9978262946954223
1000, -0.30733932750842674 0.016596147817034168, 0.9978673572083882

1.9,  -0.9632910274850663,  -0.9609242218565771
 100, -0.9269805774392488, 0.036310450045817566, 0.9863150657047679
 200, -0.9493313083601146, 0.013959719124951753, 0.9945695990832435
 300, -0.958199636990866, 0.005091390494200376, 0.9967438248733755
 400, -0.9592575777806461, 0.004033449704420211, 0.9977387433764249
 500, -0.9591644101039248, 0.004126617381141506, 0.9982954182971475
 600, -0.9614428852232851, 0.0018481422617812049, 0.9986200023870764
 700, -0.9601071521760476, 0.0031838753090187577, 0.9988562735090127
 800, -0.9676251669975249, 0.004334139512458535, 0.9987532024297613
 900, -0.9605580473064277, 0.0027329801786386554, 0.9991443401819173
1000, -0.9609242218565771 0.0023668056284892325, 0.9992276474596491

2.85,  -0.9429293235489895,  -0.9413606688500802
 100, -0.9191422461072316, 0.023787077441757898, 0.988376698833893
 200, -0.9322878140059558, 0.010641509543033667, 0.995266832177446
 300, -0.9347302973464617, 0.00819902620252777, 0.9970858039881283
 400, -0.9413965364891768, 0.0015327870598127458, 0.9979073931459163
 500, -0.9389125352486982, 0.004016788300291285, 0.9984250742969165
 600, -0.9403767637286868, 0.002552559820302669, 0.9985218484003173
 700, -0.9404608226424078, 0.002468500906581683, 0.99891210158051
 800, -0.9432112499052021, 0.00028192635621260287, 0.9990763453856456
 900, -0.9443836811490129, 0.001454357600023437, 0.9989458525899272
1000, -0.9413606688500802 0.001568654698909322, 0.9992678299376698

1.45,  -1.0148219637906388, -1.0173662682001385
 100, -0.9543561814879911, 0.060465782302647764, 0.9809934755257737
 200, -0.997195496842447, 0.01762646694819181, 0.9928846773314886
 300, -1.0005736361799145, 0.014248327610724365, 0.9958648155184713
 400, -1.0089882866777415, 0.005833677112897284, 0.9971323734257154
 500, -1.0091591969765923, 0.005662766814046538, 0.9978264028575659
 600, -1.0145017782732078, 0.0003201855174310708, 0.9982767125761302
 700, -1.0137378206188736, 0.001084143171765195, 0.9985692363283788
 800, -1.01929737067017, 0.004475406879531185, 0.9987554559855009
 900, -1.0156675640101676, 0.0008456002195287304, 0.9989288333810191
1000, -1.0173662682001385 0.002544304409499709, 0.999053342109062

1.35,  -1.0329255626795484,  -1.0374754195218594
 100, -0.969603994433571, 0.06332156824597734, 0.9750886050548235
 200, -1.000965278973248, 0.03196028370630044, 0.9915256053662775
 300, -1.0195187488870783, 0.013406813792470107, 0.9953772315019874
 400, -1.0232456127052125, 0.009679949974335855, 0.9969200184137403
 500, -1.0277765574903004, 0.0051490051892479904, 0.9977195090605798
 600, -1.0386314147054816, 0.005705852025933211, 0.9981535483412552
 700, -1.0276686333403333, 0.005256929339215066, 0.998538257995962
 800, -1.0323952837866002, 0.0005302788929482105, 0.9987580911390603
 900, -1.0329679966736434, 4.2433994094981387e-05, 0.9989058151419902
1000, -1.0374754195218594 0.0045498568423110175, 0.9990280270280867

2.5,  -0.9448669090603318,  -0.9450560101029404
 100, -0.9206359600703076, 0.024230948990024204, 0.9866735193423481
 200, -0.9353475323959406, 0.009519376664391177, 0.9947349663645849
 300, -0.940545003741267, 0.004321905319064734, 0.9969216445385318
 400, -0.9400416904178469, 0.004825218642484863, 0.9978306422844516
 500, -0.9423260842773735, 0.002540824782958251, 0.998267171286672
 600, -0.9415087137423426, 0.003358195317989199, 0.9986276651705202
 700, -0.9430030652306575, 0.0018638438296743054, 0.9988589258235601
 800, -0.9441112778820524, 0.0007556311782793701, 0.9990308980097318
 900, -0.9437801364044979, 0.0010867726558339008, 0.9991047038546759
1000, -0.9450560101029404 0.00018910104260860816, 0.9990130873253961

1.0,  -1.1088894817596542,  -1.1124796550781642
 100, -1.0134991686065764, 0.09539031315307778, 0.9714355929854305
 200, -1.0538832211413962, 0.055006260618257974, 0.9819899606341657
 300, -1.0687235562031498, 0.040165925556504334, 0.9904707776774891
 400, -1.0874507632374888, 0.02143871852216539, 0.9943313674263653
 500, -1.1020939042036717, 0.006795577555982479, 0.996170870082673
 600, -1.1050215961225005, 0.0038678856371536785, 0.9971658067559825
 700, -1.114223638571365, 0.0053341568117108995, 0.9977712196641024
 800, -1.1111163952300982, 0.002226913470444014, 0.9981863966320071
 900, -1.1195687184274004, 0.010679236667746173, 0.9984598638811084
1000, -1.1124796550781642 0.0035901733185099705, 0.9986861834355741

1.3,  -1.0429909176307628, -1.0465437352864657
 100, -0.9548456694782194, 0.08814524815254343, 0.9645622396922483
 200, -1.0096975667250352, 0.0332933509057276, 0.9888613981924373
 300, -1.0152539687708069, 0.027736948859955923, 0.9942332066021509
 400, -1.0231059679169847, 0.019884949713778077, 0.9962791913524778
 500, -1.0393700378468222, 0.003620879783940545, 0.9973024199521047
 600, -1.039302186642705, 0.0036887309880577757, 0.9979140324873285
 700, -1.0386551458512052, 0.004335771779557573, 0.9983088930089301
 800, -1.039940193778548, 0.0030507238522148317, 0.9985778008127879
 900, -1.040966596664528, 0.0020243209662347272, 0.9987799606180665
1000, -1.0465437352864657 0.0035528176557029223, 0.9989062193556222

2.6,  -0.9441460761802778,  -0.9423167609175093
 100, -0.9203206036777506, 0.0238254725025272, 0.9855551847741642
 200, -0.9333085761016083, 0.01083750007866946, 0.9946261126656064
 300, -0.9383823238185831, 0.005763752361694685, 0.9967855489620836
 400, -0.9405393107965034, 0.0036067653837743574, 0.9978640207691682
 500, -0.9427958909863421, 0.0013501851939357046, 0.9982607542154986
 600, -0.9397552971960401, 0.004390778984237675, 0.9986514923791172
 700, -0.9435716847966326, 0.0005743913836452341, 0.9988259208683501
 800, -0.9433712347795364, 0.0007748414007413551, 0.9989057436852468
 900, -0.9432116069204387, 0.000934469259839088, 0.9991077854600434
1000, -0.9423167609175093 0.0018293152627685272, 0.9992785489710807

1.95,  -0.9603380642016857,  -0.9594963814903552
 100, -0.909383330667765, 0.05095473353392066, 0.9793908186083796
 200, -0.9439303355771765, 0.01640772862450912, 0.9922485806254414
 300, -0.9454008658277554, 0.01493719837393026, 0.9953166021567309
 400, -0.9509188709902889, 0.009419193211396726, 0.9969391640829129
 500, -0.953499146847297, 0.006838917354388685, 0.9976765967794662
 600, -0.9526962582872173, 0.007641805914468391, 0.9980756789754832
 700, -0.9555067673715048, 0.004831296830180909, 0.9984305276409517
 800, -0.9599189849052315, 0.0004190792964541279, 0.9986968141446626
 900, -0.9573296500510724, 0.003008414150613259, 0.9988408176132679
1000, -0.9594963814903552 0.0008416827113304493, 0.9989827648600478

2.25,  -0.9490056352051295,  -0.9469107629064508
 100, -0.9178751817683842, 0.031130453436745253, 0.983934935027239
 200, -0.9309987253572042, 0.0180069098479253, 0.9937893557717883
 300, -0.9423424875681957, 0.006663147636933764, 0.9963498899783636
 400, -0.9395345491131419, 0.009471086091987546, 0.9973193261799398
 500, -0.9465562798414071, 0.002449355363722372, 0.9980324920386188
 600, -0.9414464270483567, 0.007559208156772801, 0.9983974341077761
 700, -0.9462299049643779, 0.002775730240751617, 0.998609048048198
 800, -0.9443167548719054, 0.004688880333224121, 0.9987860120423248
 900, -0.9429372251312509, 0.006068410073878594, 0.9987090798965677
1000, -0.9469107629064508 0.0020948722986786628, 0.9991250398213557

2.55,  -0.944544970980179,  -0.9413808352872168
 100, -0.9167518550690008, 0.027793115911178168, 0.9832238290382154
 200, -0.9315179399055808, 0.013027031074598128, 0.993718916056098
 300, -0.9362805578097743, 0.008264413170404716, 0.9963452328344774
 400, -0.9369175233622091, 0.007627447617969851, 0.9974807137216422
 500, -0.9394428262921007, 0.005102144688078236, 0.9979088791096834
 600, -0.940492912936545, 0.004052058043633955, 0.9984716198494299
 700, -0.9410063810059568, 0.003538589974222184, 0.9984933879546357
 800, -0.9436092295258259, 0.0009357414543530451, 0.9988969166453991
 900, -0.9411973022667951, 0.003347668713383878, 0.9988798736388056
1000, -0.9413808352872168 0.0031641356929621445, 0.9989912268477477

0.85,  -1.1366197707399515,  -1.1429718138645333
 100, -1.0796090294389162, 0.05701074130103523, 0.981512957574438
 200, -1.092416108600621, 0.04420366213933047, 0.9855996542196406
 300, -1.0943758015666565, 0.04224396917329498, 0.990518181150955
 400, -1.1166862208196138, 0.01993354992033769, 0.9939537719163395
 500, -1.1211747282327653, 0.015445042507186146, 0.9958885929816842
 600, -1.1304687847039538, 0.006150986035997619, 0.9970135074973197
 700, -1.137535951168758, 0.000916180428806479, 0.997673513221996
 800, -1.1448060298666767, 0.008186259126725215, 0.9981370708136118
 900, -1.1367685432318928, 0.00014877249194134023, 0.9984507183642338
1000, -1.1429718138645333 0.006352043124581819, 0.9986757242915579

0.4,  -0.9252580817605963,  -0.9048156927312596
 100, -0.8974620033394081, 0.027796078421188253, 0.9952938290608273
 200, -0.9085215756947316, 0.016736506065864742, 0.9958255736063327
 300, -0.908563214632623, 0.0166948671279733, 0.995927778728813
 400, -0.9021597814538418, 0.023098300306754527, 0.9959614974781288
 500, -0.9071864975924916, 0.018071584168104726, 0.9959342872596612
 600, -0.9023465923537772, 0.022911489406819086, 0.9960054526470348
 700, -0.900438918560286, 0.0248191632003103, 0.9960743040095383
 800, -0.9027658294911306, 0.022492252269465718, 0.9961731398401449
 900, -0.9071025546296395, 0.018155527130956806, 0.9961903757488245
1000, -0.9048156927312596 0.020442389029336705, 0.9962500850871182

1.85,  -0.9668194250398201,  -0.9668399481162354
 100, -0.9167392680458949, 0.05008015699392521, 0.9801673880045363
 200, -0.9509504650297792, 0.0158689600100409, 0.9933802081020231
 300, -0.9570849171351798, 0.009734507904640255, 0.9962629781594017
 400, -0.959142314112239, 0.0076771109275810545, 0.9974285096597425
 500, -0.9605396014911367, 0.006279823548683394, 0.9980518049042082
 600, -0.9624536582471108, 0.00436576679270928, 0.9984581861911372
 700, -0.9659132103873835, 0.0009062146524365655, 0.9986766750313463
 800, -0.9620003259609009, 0.004819099078919198, 0.998859039647376
 900, -0.9633815374267736, 0.003437887613046531, 0.9990402129540098
1000, -0.9668399481162354 2.0523076415313035e-05, 0.9991360032463094

2.3,  -0.9478686468761977,  -0.9474090112414678
 100, -0.9156367427051533, 0.03223190417104438, 0.9837487487713533
 200, -0.9387585506285883, 0.00911009624760939, 0.9938215797139178
 300, -0.940011502002644, 0.007857144873553601, 0.9964111781228581
 400, -0.9449250224174441, 0.002943624458753513, 0.9974192042648462
 500, -0.9472032254985056, 0.0006654213776920992, 0.9978774827803321
 600, -0.9447899380372701, 0.0030787088389275796, 0.9984384412733374
 700, -0.9457538245312465, 0.002114822344951195, 0.9986449773135286
 800, -0.9455680735090073, 0.0023005733671903617, 0.9988960649084289
 900, -0.9496337462842807, 0.001765099408083004, 0.9987190521637757
1000, -0.9474090112414678 0.00045963563472983804, 0.9990470188017633

0.95,  -1.11929731061878, -1.125982106547779
 100, -1.0521329532986659, 0.06716435732011417, 0.9758291888733466
 200, -1.0628142880581644, 0.05648302256061566, 0.9855825715823268
 300, -1.088723455032198, 0.03057385558658199, 0.9921629422843207
 400, -1.1057449625311813, 0.013552348087598753, 0.9952488637256108
 500, -1.1035227881790186, 0.015774522439761407, 0.9967131779770823
 600, -1.108006166141511, 0.011291144477268977, 0.9975550542578725
 700, -1.12727841855585, 0.007981107937069964, 0.9980707177289088
 800, -1.1095302844772612, 0.009767026141518809, 0.998415007229172
 900, -1.1175440125888216, 0.0017532980299583834, 0.9986686334741591
1000, -1.125982106547779 0.0066847959289990655, 0.9988490400890928

1.6,  -0.9922208295295207,  -0.9956699392440767
 100, -0.930308891292627, 0.06191193823689378, 0.9771713749999199
 200, -0.9716955186451943, 0.02052531088432641, 0.991860911659163
 300, -0.991119521080623, 0.0011013084488977753, 0.9952297144452675
 400, -0.9859226482815278, 0.006298181247992973, 0.9968930218315633
 500, -0.9827047534727189, 0.009516076056801825, 0.9976699621672833
 600, -0.9865097201092887, 0.005711109420232008, 0.9981686678771406
 700, -0.996507984805244, 0.00428715527572332, 0.9983553640516298
 800, -0.9931118936076341, 0.0008910640781133461, 0.9987049707857352
 900, -0.9907110542228, 0.0015097753067206954, 0.9989011161296788
1000, -0.9956699392440767 0.00344910971455592, 0.9989625626034936

0.8,  -1.1426275996357373,  -1.1309335990811373
 100, -1.1026635721343265, 0.039964027501410815, 0.9818859691935358
 200, -1.0794860600122513, 0.06314153962348601, 0.9850821341253034
 300, -1.1102948500635264, 0.032332749572210995, 0.989600151675449
 400, -1.1260350147301244, 0.016592584905612995, 0.993533723953534
 500, -1.1350784059008172, 0.007549193734920134, 0.9957158619017394
 600, -1.1275150529439664, 0.015112546691770978, 0.9970171723327003
 700, -1.1198545220234175, 0.022773077612319836, 0.9977640916266
 800, -1.1315916960132182, 0.011035903622519161, 0.9981998057726105
 900, -1.1319858432611465, 0.01064175637459086, 0.9985328368745657
1000, -1.1309335990811373 0.011694000554600015, 0.9987464013282517

2.45,  -0.9454307947133701,  -0.9451841070304523
 100, -0.9142627295974848, 0.031168065115885324, 0.9851083321289797
 200, -0.9341137505317718, 0.01131704418159829, 0.9946187659080102
 300, -0.9405008332591356, 0.004929961454234522, 0.9968243170359391
 400, -0.9414540884130016, 0.003976706300368504, 0.997838773746644
 500, -0.9422329740499266, 0.00319782066344354, 0.9982633480207483
 600, -0.943640744821835, 0.0017900498915350838, 0.9987001316026102
 700, -0.9446117664449286, 0.0008190282684414907, 0.99890593442455
 800, -0.9440247427478139, 0.0014060519655562098, 0.9990604229862678
 900, -0.9427694342032351, 0.0026613605101349913, 0.9991795055023316
1000, -0.9451841070304523 0.0002466876829178011, 0.9992239730611794

2.35,  -0.9469689234886285,  -0.9439087674711772
 100, -0.9236918815248145, 0.02327704196381397, 0.9880754099737667
 200, -0.941556273581228, 0.005412649907400535, 0.9952243336012727
 300, -0.9420061166129414, 0.004962806875687065, 0.9971148187388614
 400, -0.9430194242396689, 0.003949499248959598, 0.997994832323148
 500, -0.9419814422669242, 0.004987481221704337, 0.998465894813082
 600, -0.9442334444636244, 0.0027354790250040395, 0.998758346377908
 700, -0.9458463757585677, 0.0011225477300608189, 0.9989695239688138
 800, -0.946422048737905, 0.0005468747507234584, 0.9991163405311694
 900, -0.9458733429391988, 0.0010955805494297088, 0.9991151863074267
1000, -0.9439087674711772 0.003060156017451243, 0.9992822342443467

2.4,  -0.9461560561584954,  -0.9452519483173527
 100, -0.9132401787520793, 0.032915877406416105, 0.9836844162261693
 200, -0.9302079087179371, 0.01594814744055828, 0.993816757079512
 300, -0.9393019957744101, 0.006854060384085314, 0.996370598107192
 400, -0.9395921241155747, 0.006563932042920717, 0.9973269984985578
 500, -0.9411619477991684, 0.00499410835932701, 0.9979686630603037
 600, -0.9435880725027755, 0.002567983655719863, 0.9983795981329078
 700, -0.9447507418540366, 0.0014053143044587824, 0.998723106608537
 800, -0.9466011461549817, 0.000445089996486292, 0.9985813111606932
 900, -0.9470832540303197, 0.0009271978718242702, 0.9987390980615793
1000, -0.9452519483173527 0.0009041078411426984, 0.9989734194720199

1.1,  -1.0868155659324854,  -1.0976923115147112
 100, -0.990981163236759, 0.0958344026957264, 0.9662887980585974
 200, -1.043383904403858, 0.04343166152862743, 0.9847583979432273
 300, -1.0656900442990527, 0.02112552163343273, 0.9926897332831708
 400, -1.0773327129004335, 0.009482853032051874, 0.9955488688876694
 500, -1.0758199908116197, 0.010995575120865686, 0.9968972454806384
 600, -1.0901507775777888, 0.003335211645303371, 0.9976520585322429
 700, -1.0929236330120868, 0.006108067079601431, 0.9981173574602429
 800, -1.0981683849562263, 0.011352819023740857, 0.9983870742625831
 900, -1.0991614046581129, 0.012345838725627445, 0.9986468984961584
1000, -1.0976923115147112 0.010876745582225844, 0.998836804795548

1.8,  -0.9708063813726302,  -0.9772704720021193
 100, -0.9320947955242258, 0.038711585848404395, 0.985265451696224
 200, -0.9589008350960084, 0.01190554627662177, 0.994539828031849
 300, -0.9677354532960621, 0.003070928076568058, 0.9968705268868849
 400, -0.9668376114547377, 0.003968769917892523, 0.997854087326808
 500, -0.9697492352661218, 0.001057146106508422, 0.9982539279992323
 600, -0.9715959452774683, 0.0007895639048380865, 0.9985966852960145
 700, -0.9719190868797535, 0.0011127055071232794, 0.9988179851748227
 800, -0.973673560663557, 0.0028671792909268357, 0.998994319976323
 900, -0.9687380480833286, 0.0020683332893015605, 0.9991710723243589
1000, -0.9772704720021193 0.00646409062948905, 0.9987322541442236

2.15,  -0.9515983821584779,  -0.9503159761124749
 100, -0.925727969084959, 0.025870413073518894, 0.9874289933637085
 200, -0.9436464548174819, 0.007951927340996034, 0.9948626813337388
 300, -0.9455091443390855, 0.006089237819392412, 0.9968755816933971
 400, -0.9459344606897231, 0.005663921468754829, 0.9977734029110823
 500, -0.9495116371304433, 0.002086745028034631, 0.9982248522673367
 600, -0.9493057452591418, 0.00229263689933612, 0.9986189714378029
 700, -0.9518780210109838, 0.0002796388525059257, 0.9987314658229478
 800, -0.94943353756867, 0.002164844589807924, 0.9990170384311459
 900, -0.9508367931415148, 0.0007615890169631045, 0.9991251142344966
1000, -0.9503159761124749 0.0012824060460030484, 0.999236826322571

0.6,  -1.1255870371941183,  -1.1095477850497129
 100, -1.087988099264298, 0.037598937929820275, 0.9905108799273016
 200, -1.0871555864913494, 0.03843145070276899, 0.9909033785937424
 300, -1.0846853290991358, 0.0409017080949825, 0.9912873432494257
 400, -1.0823582883387026, 0.04322874885541572, 0.99165991964881
 500, -1.0775350999359312, 0.04805193725818713, 0.9919794974152717
 600, -1.0879039237465802, 0.037683113447538163, 0.9924623777085597
 700, -1.09570926790605, 0.02987776928806829, 0.9932405358622405
 800, -1.0969849069779, 0.02860213021621827, 0.9940921920124676
 900, -1.1020950991975584, 0.02349193799655991, 0.9949727149040851
1000, -1.1095477850497129 0.01603925214440549, 0.995864531202694

2.65,  -0.9438417682698376,  -0.9412173649868284
 100, -0.9192734375532263, 0.024568330716611242, 0.9853199749458679
 200, -0.9307094785012451, 0.013132289768592487, 0.9940076901943777
 300, -0.9361439668791666, 0.007697801390671, 0.9963588005179472
 400, -0.9411204735413288, 0.002721294728508794, 0.9973800193125013
 500, -0.9398678970854683, 0.003973871184369315, 0.9979576989343466
 600, -0.9388445661017764, 0.00499720216806121, 0.9982437219977067
 700, -0.9419691932086898, 0.0018725750611477965, 0.998646055106475
 800, -0.9390637868133084, 0.00477798145652919, 0.998758168313854
 900, -0.9420542765343959, 0.001787491735441682, 0.9989722827689462
1000, -0.9412173649868284 0.002624403283009169, 0.9990886856529144

2.8,  -0.9431717178456402,  -0.940924688988963
 100, -0.9148801606305297, 0.028291557215110563, 0.9865202769515673
 200, -0.9337116046827787, 0.00946011316286155, 0.9947800470202082
 300, -0.9375155326316911, 0.005656185213949172, 0.9969123394451092
 400, -0.9410017726893164, 0.002169945156323849, 0.9976428973146594
 500, -0.9395485557608009, 0.003623162084839371, 0.9983320743726163
 600, -0.9404490081385709, 0.0027227097070693373, 0.998694189451234
 700, -0.9395011749262734, 0.0036705429193668593, 0.9987977284007357
 800, -0.9414170495852175, 0.0017546682604226982, 0.9990554380796688
 900, -0.9432470829328853, 7.536508724503843e-05, 0.9989450904605104
1000, -0.940924688988963 0.002247028856677269, 0.9992491607266041

0.3,  -0.6129039934108024,  -0.5900121321518863
 100, -0.5891531591850798, 0.02375083422572255, 0.9966385348306482
 200, -0.5938742930786276, 0.01902970033217477, 0.9972717911186356
 300, -0.593303766365633, 0.019600227045169394, 0.9974252553808184
 400, -0.5992482051230865, 0.013655788287715853, 0.9974843834935058
 500, -0.5974710211932939, 0.0154329722175085, 0.9975178979387078
 600, -0.5921467585756944, 0.02075723483510794, 0.9975390428378432
 700, -0.6018021036338904, 0.011101889776911955, 0.9975509688062932
 800, -0.5881373057387214, 0.02476668767208101, 0.9975533275921782
 900, -0.5959200410720226, 0.016983952338779806, 0.9975861523703856
1000, -0.5900121321518863 0.02289186125891607, 0.9975718355720827

2.75,  -0.9432234998867722,  -0.9414513755835272
 100, -0.9083541249939595, 0.03486937489281272, 0.9851785744451942
 200, -0.9319307914086801, 0.011292708478092162, 0.9943961752651553
 300, -0.9364956441789659, 0.006727855707806318, 0.9967297075278061
 400, -0.9364797172118278, 0.006743782674944465, 0.9976987252972624
 500, -0.937831771642167, 0.0053917282446052095, 0.9979281078516408
 600, -0.9407974891333718, 0.0024260107534004316, 0.9984077645883128
 700, -0.9405094031927711, 0.0027140966940011335, 0.9988326426911294
 800, -0.9417671278742987, 0.0014563720124735058, 0.9989956237739406
 900, -0.9428349412384185, 0.0003885586483537429, 0.9991215402369258
1000, -0.9414513755835272 0.0017721243032450262, 0.9991421815042607

2.05,  -0.9552226828746918,  -0.9562462378940169
 100, -0.9206430173871343, 0.03457966548755753, 0.982440379999881
 200, -0.9458379604091232, 0.009384722465568651, 0.9935809438360201
 300, -0.9490845517413329, 0.006138131133358926, 0.9963095280042922
 400, -0.9572634198372053, 0.002040736962513501, 0.9973127397541512
 500, -0.952230440263182, 0.0029922426115097656, 0.9977232679066019
 600, -0.9570147280845087, 0.001792045209816906, 0.9984241439655708
 700, -0.9505898638219961, 0.004632819052695747, 0.998770096817349
 800, -0.9563641808054627, 0.0011414979307708961, 0.9988553285216957
 900, -0.9557322476694523, 0.0005095647947604975, 0.9990363024520379
1000, -0.9562462378940169 0.0010235550193250509, 0.999083563035412

1.4,  -1.0235793844779455,  -1.0240174816679242
 100, -0.9362687251723695, 0.08731065930557602, 0.9586968462751201
 200, -0.9871365334172545, 0.036442851060691006, 0.9891875018032785
 300, -1.0047173239311322, 0.018862060546813275, 0.9945500010246278
 400, -1.0112740844713204, 0.012305300006625108, 0.9965052482085573
 500, -1.020369754639754, 0.003209629838191397, 0.9974509804838991
 600, -1.0128777861849532, 0.010701598292992331, 0.9980170908152234
 700, -1.019639046571919, 0.0039403379060265475, 0.9983850862416688
 800, -1.020130800900608, 0.0034485835773374607, 0.9986469752898156
 900, -1.0297135555213224, 0.006134171043376879, 0.9987982616861613
1000, -1.0240174816679242 0.0004380971899786701, 0.9989607143102004

2.1,  -0.953433481076329,  -0.9557183439242936
 100, -0.9299675867554322, 0.02346589432089674, 0.9860912163576565
 200, -0.9424004628684701, 0.011033018207858847, 0.9945122135386255
 300, -0.9507262485732184, 0.002707232503110557, 0.9968383656717441
 400, -0.9511684301800756, 0.0022650508962533955, 0.9978237544440749
 500, -0.9515898378678782, 0.0018436432084507626, 0.998350094184196
 600, -0.9549234569339412, 0.0014899758576122357, 0.998515422173827
 700, -0.9505949065603991, 0.002838574515929837, 0.9988435497708332
 800, -0.9503123968947926, 0.0031210841815363377, 0.999049352449523
 900, -0.9504138685301565, 0.0030196125461724455, 0.9991667792039102
1000, -0.9557183439242936 0.002284862847964586, 0.9989998471945735

0.9,  -1.1285246121015233,  -1.1246074754791802
 100, -1.0775302250442162, 0.05099438705730708, 0.9792364190078396
 200, -1.0948790426345956, 0.03364556946692776, 0.9869510572023218
 300, -1.1007323132276823, 0.027792298873841048, 0.9923845386847803
 400, -1.109960509733789, 0.018564102367734314, 0.9952881450824489
 500, -1.1189386206794731, 0.009585991422050189, 0.9967066732772714
 600, -1.1180747178538322, 0.01044989424769116, 0.9974752917481245
 700, -1.1251567946365095, 0.0033678174650138004, 0.998025951275729
 800, -1.125415924781764, 0.003108687319759218, 0.9983659215748816
 900, -1.120822843089071, 0.007701769012452342, 0.9985997094352252
1000, -1.1246074754791802 0.003917136622343165, 0.9987946298980933

0.75,  -1.1455985374846125,  -1.1392705858142973
 100, -1.0952840780908564, 0.05031445939375612, 0.9852448617755406
 200, -1.093640582567249, 0.051957954917363436, 0.9862039654025817
 300, -1.1009947149326067, 0.04460382255200579, 0.9876384732660307
 400, -1.1066680048567097, 0.0389305326279028, 0.9894457006645573
 500, -1.1075181920272226, 0.03808034545738992, 0.9915868875995412
 600, -1.116190615103601, 0.02940792238101153, 0.9938503455682639
 700, -1.1261496420477692, 0.01944889543684325, 0.9954263463139853
 800, -1.1305807629570321, 0.015017774527580352, 0.9964317653291374
 900, -1.135005128368183, 0.010593409116429475, 0.9972258250920247
1000, -1.1392705858142973 0.006327951670315191, 0.9977084961679676

2.2,  -0.9501822397766282,  -0.9509961216062854
 100, -0.9263119203599178, 0.02387031941671036, 0.9850245245918416
 200, -0.9355161554392827, 0.014666084337345509, 0.9937762998517363
 300, -0.9461894867280235, 0.003992753048604691, 0.9962096625703403
 400, -0.9438740398314006, 0.006308199945227577, 0.99731516594991
 500, -0.9463263623047089, 0.003855877471919289, 0.9979023212715925
 600, -0.9444943172705207, 0.005687922506107501, 0.998341301329696
 700, -0.9501534943739226, 2.8745402705587786e-05, 0.9983135521301981
 800, -0.9478417858605896, 0.002340453916038543, 0.9988289810393713
 900, -0.9493262522099257, 0.0008559875667024652, 0.99891521465307
1000, -0.9509961216062854 0.0008138818296572481, 0.9990240106349729

1.7,  -0.9800155269872984,  -0.9852001698630409
 100, -0.949022719164196, 0.03099280782310243, 0.9842816192851888
 200, -0.9684739958942165, 0.01154153109308198, 0.9942054624175245
 300, -0.9826350843145764, 0.0026195573272779216, 0.9964297756423711
 400, -0.9795618892446293, 0.00045363774266915513, 0.9976458881877117
 500, -0.9797871129384635, 0.0002284140488348907, 0.9982317398019279
 600, -0.9796152216691074, 0.0004003053181910188, 0.9986247836582088
 700, -0.9900976426622524, 0.010082115674953984, 0.9982320545153136
 800, -0.9864745038070557, 0.006458976819757267, 0.9986907947777428
 900, -0.9759783053529035, 0.004037221634394905, 0.9991568259490121
1000, -0.9852001698630409 0.005184642875742496, 0.9990556930225056

1.15,  -1.0753656599951444,  -1.069115216215917
 100, -0.9832641631654113, 0.09210149682973312, 0.9693481443019654
 200, -1.0518005957700998, 0.023565064225044674, 0.9883794754780657
 300, -1.0579253816683378, 0.017440278326806613, 0.993933957384689
 400, -1.0630787536767454, 0.012286906318399016, 0.9961046096838867
 500, -1.0676842144235676, 0.007681445571576795, 0.9971784445703743
 600, -1.070067194391088, 0.005298465604056446, 0.9978127597061383
 700, -1.0659103165527748, 0.009455343442369646, 0.9982240550597627
 800, -1.07024288673757, 0.005122773257574487, 0.9985068683210885
 900, -1.0700744287367328, 0.005291231258411688, 0.9987298888387056
1000, -1.069115216215917 0.006250443779227455, 0.9988938626808123

1.65,  -0.9858019801897505,  -0.9841131495930767
 100, -0.9171453810631717, 0.06865659912657884, 0.9688009754589231
 200, -0.9632917886525192, 0.022510191537231328, 0.9917500566582822
 300, -0.9783109797974783, 0.00749100039227224, 0.9957198710795805
 400, -0.9778194092785157, 0.007982570911234776, 0.9971818469731327
 500, -0.9796725695522313, 0.006129410637519261, 0.997938831480946
 600, -0.9812301281307914, 0.004571852058959158, 0.9983821856998019
 700, -0.982864970474162, 0.0029370097155885233, 0.9986707194243314
 800, -0.983715419791947, 0.0020865603978035274, 0.9988712074933646
 900, -0.9898310276431656, 0.0040290474534150356, 0.9989207053542761
1000, -0.9841131495930767 0.001688830596673796, 0.9991441002834816

0.5,  -1.0653912902153568,  -1.0456490933862541
 100, -1.0333335553378307, 0.03205773487752617, 0.9937008050862236
 200, -1.035451110763422, 0.029940179451934945, 0.9940705199057441
 300, -1.0404607595881115, 0.024930530627245373, 0.9943338047370676
 400, -1.0421151604726488, 0.023276129742707985, 0.9945150494143387
 500, -1.0449939646568012, 0.020397325558555668, 0.9947960647433414
 600, -1.0532522759436047, 0.012139014271752124, 0.9951131816406987
 700, -1.0554230656486339, 0.009968224566722972, 0.9955573196309728
 800, -1.0455673969476167, 0.019823893267740145, 0.9959694914929033
 900, -1.0527151082515256, 0.012676181963831246, 0.9964008820398366
1000, -1.0456490933862541 0.01974219682910272, 0.996864442363394

0.65,  -1.1389408436501118,  -1.1307052010448557
 100, -1.0916925262090647, 0.04724831744104718, 0.9890282553110522
 200, -1.0961563119687403, 0.04278453168137153, 0.9895835599228897
 300, -1.0928501365802623, 0.046090707069849524, 0.9904483103922185
 400, -1.1066673921950116, 0.03227345145510019, 0.9915136705301067
 500, -1.1087137613412779, 0.030227082308833975, 0.9928598511085794
 600, -1.1103868805424866, 0.028553963107625258, 0.9944376408183521
 700, -1.1215638761633349, 0.017376967486776973, 0.995692017399771
 800, -1.1249602852422727, 0.013980558407839183, 0.996678801565032
 900, -1.1229029668646484, 0.016037876785463423, 0.9973913640656221
1000, -1.1307052010448557 0.00823564260525611, 0.9978969583471298

1.2,  -1.0642022250418146,  -1.0770302943090073
 100, -0.9556181654885263, 0.10858405955328831, 0.9579334600900303
 200, -1.018599458733054, 0.04560276630876059, 0.9844117937525761
 300, -1.0378506865201584, 0.02635153852165617, 0.9927640880791062
 400, -1.0489454902391084, 0.015256734802706173, 0.9956764130274357
 500, -1.0566884039694646, 0.007513821072349991, 0.99696922452393
 600, -1.0634806404657593, 0.0007215845760553119, 0.997698731757339
 700, -1.076552641873433, 0.012350416831618416, 0.9980651851465517
 800, -1.0745255513933518, 0.01032332635153721, 0.9984650367740118
 900, -1.0636852244542354, 0.0005170005875791972, 0.9986879499834624
1000, -1.0770302943090073 0.01282806926719271, 0.99879299583498

1.75,  -0.9751547052866764,  -0.979786861841676
 100, -0.9390885505257704, 0.03606615476090591, 0.9844643471186713
 200, -0.9645951961275069, 0.010559509159169478, 0.9941178561594137
 300, -0.9686798902084244, 0.006474815078251983, 0.9965610658208196
 400, -0.9699395558985159, 0.005215149388160478, 0.9976014708926968
 500, -0.9686767143430665, 0.0064779909436099015, 0.9981693242884719
 600, -0.9721890911134161, 0.002965614173260245, 0.9985041028884847
 700, -0.9751109289055795, 4.377638109687165e-05, 0.9987844136576637
 800, -0.9747239931327063, 0.0004307121539700587, 0.9989444846754866
 900, -0.9741833258102152, 0.0009713794764611983, 0.9990971157304824
1000, -0.979786861841676 0.0046321565549996, 0.9990979308665612

2.7,  -0.9436642235552212,  -0.9415748471242547
 100, -0.9239500550096067, 0.019714168545614474, 0.9884519596454473
 200, -0.9310404877612303, 0.012623735793990898, 0.9952653488968805
 300, -0.9402753225032473, 0.0033889010519738694, 0.9971207105317372
 400, -0.9412795296109073, 0.0023846939443138426, 0.9979609318027796
 500, -0.9412157054956773, 0.002448518059543825, 0.9984201068497809
 600, -0.9419398554353393, 0.0017243681198818583, 0.9987118598495286
 700, -0.9408321444926925, 0.002832079062528692, 0.9989401123332351
 800, -0.941407668168415, 0.002256555386806136, 0.9986670576342416
 900, -0.9416689379255745, 0.0019952856296466814, 0.999178747419345
1000, -0.9415748471242547 0.0020893764309665164, 0.999281799694349

1.05,  -1.0980083757150465,  -1.112064758964839
 100, -1.007928440166788, 0.09007993554825844, 0.9660013899050962
 200, -1.0374225289726864, 0.06058584674236012, 0.9816955772698641
 300, -1.0646673847592172, 0.03334099095582932, 0.9909628824823854
 400, -1.0790436098053846, 0.018964765909661896, 0.9946402968429296
 500, -1.0873288811296238, 0.010679494585422722, 0.9963074706009116
 600, -1.0937223162847185, 0.004286059430328004, 0.9972482733642893
 700, -1.0996309665629558, 0.0016225908479092777, 0.9978363162893826
 800, -1.1033143286842293, 0.005305952969182792, 0.9982056109700358
 900, -1.1010888647528172, 0.003080489037770695, 0.9984663511916738
1000, -1.112064758964839 0.014056383249792415, 0.9986149448436441